signal_date,symbol,open,high,low,close,volume,prediction,weight,execution
2026-10-01,ADANIENT,2900.0,2903.699951171875,2772.0,2816.800048828125,2100334,0.0018545080253103054,0.0,next_open
2026-10-01,ADANIPORTS,1786.0,1786.0,1716.0,1737.800048828125,2157928,0.0018545080253103054,0.0,next_open
2026-10-01,APOLLOHOSP,8090.0,8135.0,7910.0,8133.5,939105,0.0017462173156690866,0.0,next_open
2026-10-01,ASIANPAINT,2391.0,2420.0,2377.0,2407.0,1005836,0.0018683166629581062,0.0,next_open
2026-10-01,AXISBANK,1219.0999755859375,1241.5999755859375,1215.300048828125,1217.0999755859375,7005197,0.0017281372850635724,0.0,next_open
2026-10-01,BAJAJ-AUTO,10701.0,10714.0,9900.0,10045.0,1491300,0.003470094843702693,0.11216928197198883,next_open
2026-10-01,BAJFINANCE,953.9000244140624,955.9500122070312,937.2999877929688,948.2999877929688,5698769,0.0019449511349192334,0.0,next_open
2026-10-01,BEL,385.2000122070313,386.1499938964844,378.6499938964844,383.1000061035156,10250149,0.0018545080253103054,0.0,next_open
2026-10-01,BHARTIARTL,1745.0,1765.800048828125,1726.300048828125,1741.0999755859375,5609657,0.0018076643547849523,0.0,next_open
2026-10-01,BPCL,302.0,305.04998779296875,297.1000061035156,300.6000061035156,5618518,0.0019449511349192334,0.0,next_open
2026-10-01,BRITANNIA,4798.0,4812.2998046875,4737.0,4778.0,362699,0.0020838996780604257,0.0,next_open
2026-10-01,CIPLA,1349.0999755859375,1359.4000244140625,1333.4000244140625,1344.0,921789,0.0018162286391961463,0.0,next_open
2026-10-01,COALINDIA,421.2000122070313,426.3500061035156,416.2999877929688,420.3999938964844,7514836,0.0018162286391961463,0.0,next_open
2026-10-01,DIVISLAB,9277.0,9318.0,9078.0,9249.0,567310,0.0022454270114794133,0.0,next_open
2026-10-01,DRREDDY,1233.0,1233.9000244140625,1194.9000244140625,1206.199951171875,2607818,0.0017348972937458595,0.0,next_open
2026-10-01,EICHERMOT,7120.0,7146.0,6840.0,6920.0,817452,0.0018100636882230272,0.0,next_open
2026-10-01,GODREJCP,852.0,852.0,838.0,840.0,838419,0.008114687921557517,0.2623037002114464,next_open
2026-10-01,GRASIM,3038.0,3045.0,2944.39990234375,2962.0,1385746,0.0018100636882230272,0.0,next_open
2026-10-01,HCLTECH,1230.0,1256.0,1228.9000244140625,1243.0999755859375,3430282,0.0016293762574091084,0.0,next_open
2026-10-01,HDFCBANK,708.4000244140625,721.2999877929688,707.0999755859375,721.2000122070312,37389857,0.0018974396039221064,0.0,next_open
2026-10-01,HDFCLIFE,518.0,538.9000244140625,517.4000244140625,534.2000122070312,4008935,0.0017696465414790852,0.0,next_open
2026-10-01,HEROMOTOCO,5235.0,5290.0,5051.0,5168.0,862662,0.0018545080253103054,0.0,next_open
2026-10-01,HINDALCO,935.0,946.6500244140624,923.5,941.8499755859376,5877840,0.0018545080253103054,0.0,next_open
2026-10-01,HINDUNILVR,1870.0999755859373,1873.5999755859373,1826.9000244140625,1836.0,1331680,0.002183187147001668,0.0,next_open
2026-10-01,ICICIBANK,1316.0,1329.9000244140625,1308.4000244140625,1310.5999755859375,13163495,0.0018162286391961463,0.0,next_open
2026-10-01,ICICIPRULI,443.7999877929688,450.5499877929688,441.7999877929688,448.0499877929688,1267559,0.0064469578590484605,0.2083950631105844,next_open
2026-10-01,INFY,1010.0,1035.0,999.1500244140624,1035.0,15166446,0.0020794254906078705,0.0,next_open
2026-10-01,ITC,262.70001220703125,262.70001220703125,254.6499938964844,255.8999938964844,16447266,0.0022890347205737752,0.0,next_open
2026-10-01,JSWSTEEL,1253.0,1256.4000244140625,1214.800048828125,1233.0,3158301,0.0019043252695157859,0.0,next_open
2026-10-01,KOTAKBANK,426.0,435.6000061035156,416.0499877929688,418.3500061035156,76637247,0.001518025614773479,0.0,next_open
2026-10-01,LT,3726.0,3737.300048828125,3655.89990234375,3693.39990234375,2220932,0.0020489348858215182,0.0,next_open
2026-10-01,M&M,2926.0,2927.39990234375,2812.0,2860.0,5453321,0.002171005075185057,0.0,next_open
2026-10-01,MARUTI,11900.0,11907.0,11305.0,11386.0,885820,0.008186153606811495,0.26461379689803183,next_open
2026-10-01,NESTLEIND,1301.9000244140625,1320.9000244140625,1295.0,1307.699951171875,1626876,0.002031012570604967,0.0,next_open
2026-10-01,NTPC,320.79998779296875,320.95001220703125,313.04998779296875,315.1000061035156,10094465,0.0019054797424777573,0.0,next_open
2026-10-01,ONGC,224.75,224.9900054931641,220.6000061035156,222.3699951171875,13099985,0.0020422825794619705,0.0,next_open
2026-10-01,PIDILITIND,1468.0999755859375,1486.9000244140625,1456.800048828125,1464.0,867267,0.0019043252695157859,0.0,next_open
2026-10-01,POWERGRID,258.20001220703125,259.0,252.3500061035156,254.5500030517578,10976701,0.002034202238200844,0.0,next_open
2026-10-01,RELIANCE,1180.0999755859375,1183.9000244140625,1160.800048828125,1167.699951171875,16771221,0.0022749888260873426,0.0,next_open
2026-10-01,SBILIFE,1676.300048828125,1730.300048828125,1674.800048828125,1721.5999755859375,3329860,0.0017348394646291402,0.0,next_open
2026-10-01,SBIN,953.0999755859376,965.4000244140624,945.7999877929688,954.0999755859376,7390452,0.0020489348858215182,0.0,next_open
2026-10-01,SHRIRAMFIN,973.5,975.0,936.0,945.0,5599670,0.0018144363137086385,0.0,next_open
2026-10-01,SUNPHARMA,1815.0,1828.699951171875,1792.5999755859375,1801.0,2314700,0.0018162286391961463,0.0,next_open
2026-10-01,TATACONSUM,952.0,964.7999877929688,945.0,957.0,1829307,0.0020342424409063196,0.0,next_open
2026-10-01,TATASTEEL,184.3699951171875,186.5500030517578,175.75,178.0,47659952,0.0018162286391961463,0.0,next_open
2026-10-01,TCS,2052.60009765625,2093.89990234375,2045.0999755859373,2075.0,3428501,0.0016071278311029697,0.0,next_open
2026-10-01,TECHM,1540.0,1554.800048828125,1512.0,1533.0,2663224,0.0016965600785149803,0.0,next_open
2026-10-01,TITAN,4574.89990234375,4621.7998046875,4491.0,4515.7001953125,694098,0.0017462173156690866,0.0,next_open
2026-10-01,ULTRACEMCO,10810.0,10879.0,10612.0,10710.0,570684,0.0019449511349192334,0.0,next_open
2026-10-01,WIPRO,158.61000061035156,160.9499969482422,157.25,159.35000610351562,18521731,0.004718336996331687,0.15251815780794853,next_open
